{"count":1,"self":46.568556799999996,"total":78.98776,"children":{"InitializeActuators":{"count":49,"self":0.0030949999999999997,"total":0.0030949999999999997,"children":null},"InitializeSensors":{"count":49,"self":0.0021869999999999997,"total":0.0021869999999999997,"children":null},"AgentSendState":{"count":1377,"self":0.394188,"total":1.568827,"children":{"CollectObservations":{"count":67473,"self":0.29586999999999997,"total":0.29586999999999997,"children":null},"WriteActionMask":{"count":67473,"self":0.11739799999999999,"total":0.11739799999999999,"children":null},"RequestDecision":{"count":67473,"self":0.270526,"total":0.761371,"children":{"AgentInfo.ToProto":{"count":67473,"self":0.25424199999999997,"total":0.490845,"children":{"GenerateSensorData":{"count":67473,"self":0.23660299999999998,"total":0.23660299999999998,"children":null}}}}}}},"DecideAction":{"count":1377,"self":29.992675199999997,"total":29.992675,"children":null},"AgentAct":{"count":1377,"self":0.85105599999999992,"total":0.85151899999999991,"children":{"AgentInfo.ToProto":{"count":49,"self":0.00023999999999999998,"total":0.000463,"children":{"GenerateSensorData":{"count":49,"self":0.000223,"total":0.000223,"children":null}}}}}},"gauges":{"DroneTarget.CumulativeReward":{"count":49,"max":605.39624,"min":503.475769,"runningAverage":505.558319,"value":503.4758,"weightedAverage":503.478973}},"metadata":{"timer_format_version":"0.1.0","start_time_seconds":"1686585761","unity_version":"2021.3.15f1","command_line_arguments":"\/home\/andrew\/Unity-2021.3.15f1\/Editor\/Unity -projectpath \/home\/andrew\/Documents\/Unity\/ml-drone-collection -useHub -hubIPC -cloudEnvironment production -licensingIpc LicenseClient-andrew -hubSessionId 7d75c5f6-441c-46b2-9a9d-4622bb0ecfaf","communication_protocol_version":"1.5.0","com.unity.ml-agents_version":"2.2.1-exp.1","scene_name":"QuadcopterHover","end_time_seconds":"1686585840"}}